{"ape": {"rotation_error": 4.74504299183202, "translation_error_degree": 2.109644523693052, "translation_error_cm": 3.895715587992009, "add": 0.08943089430894309, "proj2d": 21.423899926925, "batch_count": 123}, "benchvise": {"rotation_error": 4.788176188291597, "translation_error_degree": 2.0134417207773065, "translation_error_cm": 3.5942890230289177, "add": 0.5206611570247934, "proj2d": 20.75150391700949, "batch_count": 121}, "cam": {"rotation_error": 4.436879789829254, "translation_error_degree": 1.9497297327965497, "translation_error_cm": 3.5930296095709005, "add": 0.275, "proj2d": 19.94633444694906, "batch_count": 120}, "can": {"rotation_error": 4.724327815180065, "translation_error_degree": 1.7788258372735577, "translation_error_cm": 3.3310604834256052, "add": 0.42016806722689076, "proj2d": 18.424451801799894, "batch_count": 119}, "cat": {"rotation_error": 4.746918703755762, "translation_error_degree": 2.113364158723599, "translation_error_cm": 3.8997216400427694, "add": 0.1794871794871795, "proj2d": 21.47046449100051, "batch_count": 117}, "driller": {"rotation_error": 5.1622021395271105, "translation_error_degree": 2.0053389252368676, "translation_error_cm": 3.51169677457567, "add": 0.4576271186440678, "proj2d": 20.857283476930288, "batch_count": 118}, "duck": {"rotation_error": 5.840691129684449, "translation_error_degree": 2.177561239004135, "translation_error_cm": 4.122942148685455, "add": 0.12, "proj2d": 22.149119072624885, "batch_count": 125}, "eggbox": {"rotation_error": 4.34947249507904, "translation_error_degree": 2.1557953851222993, "translation_error_cm": 3.908088070392609, "add": 0.184, "proj2d": 21.9800938787364, "batch_count": 125}, "glue": {"rotation_error": 5.120809435355858, "translation_error_degree": 2.1446790613966886, "translation_error_cm": 3.83376195831377, "add": 0.16393442622950818, "proj2d": 21.874688114975626, "batch_count": 122}, "holepuncher": {"rotation_error": 4.854519269815305, "translation_error_degree": 1.9429380719254656, "translation_error_cm": 3.650655017151096, "add": 0.18699186991869918, "proj2d": 19.974941104036052, "batch_count": 123}, "iron": {"rotation_error": 4.589653153523155, "translation_error_degree": 2.1483720862995024, "translation_error_cm": 3.9951876365620156, "add": 0.40869565217391307, "proj2d": 22.38379642876506, "batch_count": 115}, "lamp": {"rotation_error": 4.065314234280195, "translation_error_degree": 2.0280188722688646, "translation_error_cm": 3.5351273783894834, "add": 0.47540983606557374, "proj2d": 20.799376020221086, "batch_count": 122}, "phone": {"rotation_error": 4.179739097102743, "translation_error_degree": 2.1568834241174284, "translation_error_cm": 3.8672466258533666, "add": 0.28688524590163933, "proj2d": 22.0112943116353, "batch_count": 122}}