{"ape": {"rotation_error": 2.4963561268599053, "translation_error_degree": 0.1299346955871679, "translation_error_cm": 0.4277147590750601, "add": 0.9349593495934959, "proj2d": 1.5088588287263738, "batch_count": 123}, "benchvise": {"rotation_error": 2.0565826162572733, "translation_error_degree": 0.115982019735023, "translation_error_cm": 0.5582787751658889, "add": 0.9752066115702479, "proj2d": 1.5545688099416315, "batch_count": 121}, "cam": {"rotation_error": 1.9012256110397479, "translation_error_degree": 0.12937443389867742, "translation_error_cm": 0.43554965406656265, "add": 0.9916666666666667, "proj2d": 1.4520911597758195, "batch_count": 120}, "can": {"rotation_error": 1.8902087164025347, "translation_error_degree": 0.12208645006626093, "translation_error_cm": 0.5185840431319064, "add": 0.9831932773109243, "proj2d": 1.5560552199520494, "batch_count": 119}, "cat": {"rotation_error": 1.5719992896685233, "translation_error_degree": 0.08923278261835758, "translation_error_cm": 0.6181214059997573, "add": 0.9829059829059829, "proj2d": 1.1212831607640925, "batch_count": 117}, "driller": {"rotation_error": 3.6735014293216546, "translation_error_degree": 0.34924426507520473, "translation_error_cm": 0.959658928752198, "add": 0.940677966101695, "proj2d": 4.19174471388885, "batch_count": 118}, "duck": {"rotation_error": 5.195346382260323, "translation_error_degree": 0.15308620646595955, "translation_error_cm": 1.0490157770514488, "add": 0.872, "proj2d": 2.2772607039573045, "batch_count": 125}, "eggbox": {"rotation_error": 1.8134968635439872, "translation_error_degree": 0.1475439475774765, "translation_error_cm": 0.5137183960601688, "add": 0.976, "proj2d": 1.697237847480989, "batch_count": 125}, "glue": {"rotation_error": 4.587509255734135, "translation_error_degree": 0.24183025133231137, "translation_error_cm": 1.010100628402023, "add": 0.9016393442622951, "proj2d": 2.7296416374354244, "batch_count": 122}, "holepuncher": {"rotation_error": 2.4688549682013385, "translation_error_degree": 0.09579682133607263, "translation_error_cm": 0.3314567623069374, "add": 0.983739837398374, "proj2d": 1.5934389874378303, "batch_count": 123}, "iron": {"rotation_error": 2.542363510928724, "translation_error_degree": 0.13109747258865315, "translation_error_cm": 0.42573393933151077, "add": 0.9826086956521739, "proj2d": 2.192936120343692, "batch_count": 115}, "lamp": {"rotation_error": 2.9435604497118564, "translation_error_degree": 0.3390642594026982, "translation_error_cm": 0.8616846654808423, "add": 0.9508196721311475, "proj2d": 4.022956718081305, "batch_count": 122}, "phone": {"rotation_error": 2.8028158443811977, "translation_error_degree": 0.2850626091640748, "translation_error_cm": 0.9340204282923311, "add": 0.9344262295081968, "proj2d": 3.232185019217941, "batch_count": 122}}